"id","headline_1","query_1","headline_2","query_2","headline_3","query_3","caption","status"
"1","**ISHOWSPEED** ACCIDENTALLY DECLARES WAR ON **NORWAY** ON LIVESTREAM","ishowspeed streaming screaming face","**TENSIONS ESCALATE** AFTER SPEED REPEATEDLY BARKS AT **NORWEGIAN PRIME MINISTER**","norway prime minister press conference","**SPEED CLAIMS** BARKING IS AN 'INVOLUNTARY TRIBAL REACTION' AS **NATO MOBILIZES**","nato military soldiers briefing","Geopolitical tensions in the Nordic region reached unprecedented heights today after popular streamer IShowSpeed inadvertently initiated a full diplomatic crisis during a European travel broadcast. While attempting to order a reindeer hotdog in Oslo, the streamer locked eyes with the Norwegian Minister of Foreign Affairs and delivered forty consecutive seconds of uninhibited barking.

International ambassadors were summoned to an emergency United Nations summit as Speed took to stream to clarify that the incident was merely a misunderstanding caused by chat asking for a backflip. Defense analysts confirm that two Scandinavian naval vessels were temporarily placed on high alert before advisors realized the conflict could be resolved by gifting Speed a signed Cristiano Ronaldo jersey.

(Disclaimer: This is satire. NATO has not deployed tactical air support to a Twitch stream.) #ishowspeed #speed #norway #streamerfail #popculture #viralnews",""
"2","**MRBEAST** BURIES 50 INFLUENCERS ALIVE IN **SUBTERRANEAN BUNKER** FOR 100 DAYS","mrbeast pointing excited face","**CONTESTANTS COLLAPSE** INTO TRIBAL FACTIONS OVER **SINGLE CHOCOLATE BAR**","feastables chocolate bar close up","**WINNER RECEIVES** A SLIGHTLY DENTED **2014 TESLA MODEL S**","damaged used electric car tesla","YouTube philanthropist MrBeast unveiled his most ambitious social experiment yet this morning, sealing fifty prominent lifestyle content creators 300 feet below the Nevada desert with limited Wi-Fi access. Surviving members reported that civilized democratic society dissolved in less than four hours following a catastrophic debate over who possessed the higher legal claim to a single stick of ring lighting.

Tensions reportedly peaked around day forty-eight when two popular vloggers declared sovereign bunker territory over the emergency water filtration unit in exchange for brand sponsorships. Representatives for MrBeast confirmed that medical personnel were standing by with celebratory confetti cannons and a refurbished electric vehicle for whoever retained basic motor skills.

(Disclaimer: This is satire. No YouTubers were permanently trapped beneath the earth.) #mrbeast #feastables #influencerlife #youtubechallenge #popculture",""
"3","**ROCKSTAR GAMES** DELAYS GTA VI BY TWO YEARS TO **PERFECT FINGERNAIL DIRT PHYSICS**","gta vi vice city logo art","**DEVELOPERS SPEND 18 MONTHS** SIMULATING HOW HUMIDITY AFFECTS **GAS STATION FLOOR TILES**","hyper realistic modern video game graphics screen","**FRUSTRATED GAMERS** ANNOUNCE PLANS TO START **REAL CRIMES** OUT OF SHEER BOREDOM","gamer holding controller staring screen disappointed","Global gaming enthusiasm came to an abrupt, weeping halt this afternoon after Rockstar Games announced an indefinite postponement of Grand Theft Auto VI. Lead developers explained that the proprietary graphics engine was simply incapable of rendering realistic sweat droplet evaporation rates on convenience store cashiers under extreme Miami sun.

According to leaked studio memos, thirty senior lighting artists have spent the past seven months exclusively programming the structural degradation of wet cardboard boxes tossed into coastal alleys. Franchise veterans across online forums have expressed growing concern that players will be eligible for senior citizen retirement pensions before the next cinematic trailer finishes buffering.

(Disclaimer: This is satire. Rockstar is still cooking at their own glacial pace.) #gtavi #rockstargames #videogames #gamingmemes #gta6",""
"4","**KAI CENAT** ORDERS ROOM SERVICE TO STREAM, **ACCIDENTALLY BUYS THE ENTIRE HOTEL**","kai cenat streaming reacting screen","**CONCIERGE ARRIVES** WITH PLATINUM MASTER KEYS AND **$42 MILLION INVOICE**","luxury hotel hallway modern interior","**KAI ATTEMPTS** TO PAY PROPERTY TAXES USING **TWITCH SUBSCRIPTIONS**","twitch sub points screen celebration","Streaming superstar Kai Cenat faced an unexpected real estate acquisition during a marathon broadcast in Manhattan last night after attempting to order an extra plate of truffle fries. Due to an apparent tap-to-pay glitch on a mobile tablet terminal, Cenat authorized a full deed transfer for the 45-story boutique high-rise where he was staying.

Witnesses confirmed that room service staff promptly returned with a golden keycard, champagne service, and the complete municipal payroll documents for seventy-two hotel employees. Cenat immediately held an impromptu live shareholder summit on Discord to determine whether housekeeping uniforms should be replaced with matching custom tracksuits.

(Disclaimer: This is satire. Kai Cenat still leaves hotel tips like a normal human.) #kaicenat #ampgang #twitchstreamer #streamingculture #popculturenews",""
"5","**MARK ZUCKERBERG** WEARS GOLD CHAIN, **IMMEDIATELY BELIEVES HE IS A DOWNTOWN HIP-HOP ICON**","mark zuckerberg modern portrait casual","**META EXECUTIVES FORCED** TO ADDRESS HIM EXCLUSIVELY AS **'LIL ZUCK'** IN BOARDROOMS","corporate boardroom meeting executive serious","**ALGORITHM UPDATED** TO FAVOR USERS WHO **'MATCH HIS SUBURBAN VIBE'**","smartphone instagram algorithm feed screen","Silicon Valley culture experienced an aesthetic earthquake this week after Meta CEO Mark Zuckerberg debuted an oversized 14-karat gold chain and a linen streetwear tee during a technology summit. Inside sources confirm that executive assistants have been instructed to greet the founder with handshakes and finger snaps prior to reviewing quarterly advertisement revenues.

Company insiders reported that standard corporate agendas have been replaced with freestyle cypher sessions, during which senior software engineers must summarize cloud database throughput in rhyming couplets. The tech mogul was later seen testing high-fashion oversized sunglasses inside a virtual reality headset to calibrate maximum swag potential.

(Disclaimer: This is satire. Mark Zuckerberg remains an engineered entity made of algorithms.) #zuckerberg #metaceo #siliconvalley #techhumor #popculture",""
"6","**ELON MUSK** BANS THE LETTER 'E' ON X **TO FINALIZE REBRANDING**","elon musk talking microphone serious","**USERS FORCED** TO TWEET USING ONLY **UNINTELLIGIBLE CONSONANTS**","smartphone screen twitter x app interface","**ELON ANNOUNCES** HIS NEW NAME WILL OFFICIALLY BE **'LON MUSK'**","elon musk laughing smiling close up","Platform stability on social media network X plummeted to historic lows this morning after owner Elon Musk decreed the immediate removal of the fifth letter of the English alphabet. Musk argued that vowels represent bloated legacy software architecture and that true free speech can be expressed entirely through harsh guttural consonants.

Corporate advertisers reportedly fled the platform in droves after brand accounts began posting announcements like 'Buy our nw brgr today,' while software engineers worked 36-hour shifts to scrub historical posts dating back to 2006. When asked how users should spell his first name under the new terms of service, the tech billionaire smiled confidently and announced his formal rebranding to 'Lon.'

(Disclaimer: This is satire. The alphabet remains legally intact for now.) #elonmusk #x #technews #socialmediahumor #popculture",""
"7","**DUOLINGO OWL** SPOTTED OUTSIDE USER'S WINDOW WITH **NIGHT VISION GOGGLES**","duolingo green owl mascot real life","**STUDENT FORGOT** 3-MINUTE SPANISH LESSON TO **WATCH TIKTOK INSTEAD**","stressed student looking phone dark bedroom","**MASCOT TAPS GLASS** WITH HEAVY-DUTY TACTICAL **BATON AT 3:00 AM**","tactical military night operations dark window","An educational wellness check escalated into a suburban standoff early this morning after university sophomore Daniel missed his daily Spanish conjugation exercise by precisely eleven minutes. According to neighborhood security cameras, the six-foot neon green mascot arrived via tactical transport and set up a surveillance perimeter in the backyard garden.

Daniel told local reporters that the green bird tapped rhythmically against his bedroom window pane while holding an illuminated tablet displaying a zero-day streak counter. Language learning experts confirmed that Duolingo push notifications will now be physically enforced by special operations teams if users fail to learn the word for 'apple' before midnight.

(Disclaimer: This is satire. Duo will only emotionally blackmail you via push notifications.) #duolingo #duolingomemes #languagelearning #studyhumor #viralmemes",""
"8","**PEDRO PASCAL** CAST IN EVERY SINGLE **MOVIE RELEASING UNTIL 2032**","pedro pascal red carpet smiling handsome","**DIRECTORS ADMIT** HE WILL SIMULTANEOUSLY PLAY **GLADIATOR AND A TALKING TEAPOT**","movie camera film set production hollywood","**ACTOR CONFIRMS** HE HAS NOT SLEPT A **SINGLE MINUTE SINCE 2019**","tired pedro pascal press tour funny face","Hollywood casting agencies announced a major industry consolidation this morning, confirming that Chilean-American actor Pedro Pascal has officially been signed to play 100% of all future leading roles in American cinema. Studio heads praised Pascal's unmatched versatility, noting that test audiences prefer his rugged paternal charisma regardless of whether he plays a space bounty hunter, an animated squirrel, or Queen Victoria.

Film production schedules reveal that Pascal will be digitally cloned across fourteen film sets worldwide, shooting seventeen cinematic universes before lunch. Pascal took a brief three-second water break between back-to-back filmings in London to thank the global public for their emotional support, before sprinting onto a motion-capture stage to play a sentient kitchen table.

(Disclaimer: This is satire. Pedro Pascal is wonderful, but cannot yet bend the space-time continuum.) #pedropascal #hollywood #movienews #actinglife #popculture",""
"9","**APPLE** ANNOUNCES IPHONE 17 WITH **NO SCREEN, NO CHARGER, NO BATTERY**","tim cook presenting apple keynote stage","**TIM COOK CALLS** THE $1,400 INVISIBLE RECTANGLE **'PURE UNFILTERED COURAGE'**","minimalist clean glass apple store table","**LOYAL CUSTOMERS** CAMP OUT FOR THREE DAYS **TO HOLD EMPTY AIR**","crowd waiting outside apple store morning line","Technology analysts were left stunned at Apple headquarters this morning as CEO Tim Cook unveiled the company's most minimalist flagship smartphone to date. The device, which consists entirely of a sleek empty space where a phone used to be, will retail starting at $1,399, with an optional transparent titanium bumper case sold separately for $249.

Cook explained that physical hardware creates unnecessary visual friction between human consciousness and corporate subscriptions, encouraging buyers to simply imagine their apps functioning at peak speeds. Despite the absence of any physical matter, pre-orders sold out in four seconds, with four million users praising the product's ultra-lightweight pocket feel.

(Disclaimer: This is satire. Apple will still sell you an actual heavy piece of glass.) #apple #iphone #timcook #techhumor #gadgetnews #popculture",""
"10","**LOGAN PAUL** BUYS $14M FAKE TREX FOSSIL, **TURNS BONES INTO PRIME ENERGY DRINK**","logan paul holding prime energy bottle","**PALEONTOLOGISTS CRY** AS 65-MILLION-YEAR-OLD BONES ARE **GROUND INTO BLUE RASPBERRY**","dinosaur skeleton museum exhibit scientific","**FDA WARNS** BEVERAGE MAY CAUSE UNCONTROLLED **PREHISTORIC JURASSIC ROARING**","teenager drinking energy drink funny shocked","Beverage market analysts documented an unprecedented scientific disaster today after internet personality Logan Paul purchased what he believed was an authentic Tyrannosaurus skull at an underground auction. Rather than donating the artifact to a national museum, Paul reportedly loaded the calcified remains into an industrial blender to formulate a limited-edition 'Fossil Lime' flavor.

Museum curators watched in utter agony as the prehistoric specimen was dissolved into electrolytes and artificial sweetener for adolescent consumers. Paul later published a 22-minute documentary defending the decision, claiming that drinking apex predator bone marrow guarantees a 400% increase in athletic performance and YouTube subscribers.

(Disclaimer: This is satire. No real dinosaur fossils were converted into fluorescent sports drinks.) #loganpaul #primeenergy #youtubenews #popculture #viralhumor",""
"11","**ZENDAYA** WEARS MET GALA DRESS CRAFTED **ENTIRELY FROM WORKING SOLAR PANELS**","zendaya red carpet high fashion dress","**OUTFIT GENERATES** ENOUGH ELECTRICITY TO POWER **ALL OF LOWER MANHATTAN**","met gala red carpet museum stairs photographers","**TOM HOLLAND** FORCED TO STAND NEXT TO HER **WEARING A WELDING HELMET**","tom holland smiling red carpet suit","Fashion critics universally agreed that Zendaya won this year's Met Gala theme after stepping onto the iconic museum steps wearing an architectural gown engineered from eighty high-efficiency monocrystalline solar tiles. While ascending the red carpet, the custom ensemble absorbed intense photographer flashbulbs, generating three megawatts of clean renewable energy and blinding thirty adjacent fashion journalists.

Spectators noted that her partner Tom Holland dutifully accompanied her while wearing heavy rubber insulated boots and carrying an emergency industrial grounding wire to prevent electrical arcing. Fashion editors hailed the dress as a bold statement on sustainable couture, even after the dress accidentally surged the regional power grid and reset every traffic light in Brooklyn.

(Disclaimer: This is satire. Zendaya's real outfits only break the internet, not the electrical grid.) #zendaya #metgala #fashionnews #highfashion #tomholland #popculture",""
